what,kind,bundleId,bundleVersion,description,time
started,bundle,org.eclipse.equinox.simpleconfigurator.manipulator,1.0.101.R35x_v20100209,"org.eclipse.equinox.simpleconfigurator.manipulator",1289883500951
started,bundle,org.eclipse.equinox.util,1.0.100.v20090520-1800,"org.eclipse.equinox.util",1289883500951
started,bundle,org.eclipse.help,3.4.1.v20090805_35x,"org.eclipse.help",1289883500952
started,bundle,org.eclipse.jdt.core,3.5.2.v_981_R35x,"org.eclipse.jdt.core",1289883500952
started,bundle,org.eclipse.jdt.core.manipulation,1.3.0.v20090603,"org.eclipse.jdt.core.manipulation",1289883500952
started,bundle,org.eclipse.jdt.ui,3.5.2.r352_v20100106-0800,"org.eclipse.jdt.ui",1289883500955
started,bundle,org.eclipse.jem.util,2.0.201.v201001252130,"org.eclipse.jem.util",1289883500955
started,bundle,org.eclipse.jface,3.5.2.M20100120-0800,"org.eclipse.jface",1289883500956
started,bundle,org.eclipse.jsch.core,1.1.100.I20090430-0408,"org.eclipse.jsch.core",1289883500956
started,bundle,org.eclipse.jst.j2ee.webservice,1.1.300.v200901220600,"org.eclipse.jst.j2ee.webservice",1289883500957
started,bundle,org.eclipse.jst.j2ee.webservice.ui,1.1.300.v200902052230,"org.eclipse.jst.j2ee.webservice.ui",1289883500957
started,bundle,org.eclipse.jst.jsf.common,1.1.9.v201001271707,"org.eclipse.jst.jsf.common",1289883500958
started,bundle,org.eclipse.jst.jsf.core,1.2.5.v201001271707,"org.eclipse.jst.jsf.core",1289883500958
started,bundle,org.eclipse.ltk.core.refactoring,3.5.0.v20090513-2000,"org.eclipse.ltk.core.refactoring",1289883500959
started,bundle,org.eclipse.team.core,3.5.1.r35x_20100113-0800,"org.eclipse.team.core",1289883500959
started,bundle,org.eclipse.team.cvs.core,3.3.200.I20090430-0408,"org.eclipse.team.cvs.core",1289883500960
started,bundle,org.eclipse.team.cvs.ui,3.3.202.r35x_20090930-0800,"org.eclipse.team.cvs.ui",1289883500961
started,bundle,org.eclipse.team.ui,3.5.0.I20090430-0408,"org.eclipse.team.ui",1289883500962
started,bundle,org.eclipse.ui,3.5.2.M20100120-0800,"org.eclipse.ui",1289883500963
started,bundle,org.eclipse.ui.console,3.4.0.v20090513,"org.eclipse.ui.console",1289883500963
started,bundle,org.eclipse.ui.editors,3.5.0.v20090527-2000,"org.eclipse.ui.editors",1289883500964
started,bundle,org.eclipse.ui.forms,3.4.1.v20090714_35x,"org.eclipse.ui.forms",1289883500965
started,bundle,org.eclipse.ui.ide,3.5.2.M20100113-0800,"org.eclipse.ui.ide",1289883500966
started,bundle,org.eclipse.ui.intro,3.3.2.v20100111_35x,"org.eclipse.ui.intro",1289883500966
started,bundle,org.eclipse.ui.navigator,3.4.2.M20100120-0800,"org.eclipse.ui.navigator",1289883500966
started,bundle,org.eclipse.ui.navigator.resources,3.4.1.M20090826-0800,"org.eclipse.ui.navigator.resources",1289883500967
started,bundle,org.eclipse.ui.net,1.2.1.r35x_20090812-1200,"org.eclipse.ui.net",1289883500967
started,bundle,org.eclipse.ui.views,3.4.1.M20090826-0800,"org.eclipse.ui.views",1289883500968
started,bundle,org.eclipse.ui.workbench,3.5.2.M20100113-0800,"org.eclipse.ui.workbench",1289883500968
started,bundle,org.eclipse.ui.workbench.texteditor,3.5.1.r352_v20100105,"org.eclipse.ui.workbench.texteditor",1289883500969
started,bundle,org.eclipse.update.configurator,3.3.0.v20090312,"org.eclipse.update.configurator",1289883500969
started,bundle,org.eclipse.update.core,3.2.300.v20090525,"org.eclipse.update.core",1289883500970
started,bundle,org.eclipse.update.scheduler,3.2.200.v20081127,"org.eclipse.update.scheduler",1289883500970
started,bundle,org.eclipse.wst.common.emf,1.1.301.v200908181930,"org.eclipse.wst.common.emf",1289883500971
started,bundle,org.eclipse.wst.common.emfworkbench.integration,1.1.301.v200908101600,"org.eclipse.wst.common.emfworkbench.integration",1289883500971
started,bundle,org.eclipse.wst.common.frameworks,1.1.300.v200904160730,"org.eclipse.wst.common.frameworks",1289883500972
started,bundle,org.eclipse.wst.common.project.facet.core,1.4.1.v200911141735,"org.eclipse.wst.common.project.facet.core",1289883500972
started,bundle,org.eclipse.wst.jsdt.core,1.0.201.v2010012803,"org.eclipse.wst.jsdt.core",1289883500973
started,bundle,org.eclipse.wst.jsdt.manipulation,1.0.100.v200809240707,"org.eclipse.wst.jsdt.manipulation",1289883500973
started,bundle,org.eclipse.wst.jsdt.ui,1.0.201.v2010012803,"org.eclipse.wst.jsdt.ui",1289883500975
started,bundle,org.eclipse.wst.sse.core,1.1.402.v201001251516,"org.eclipse.wst.sse.core",1289883500976
started,bundle,org.eclipse.wst.sse.ui,1.1.102.v200910200227,"org.eclipse.wst.sse.ui",1289883500977
started,bundle,org.eclipse.wst.web,1.1.301.v200911302230,"org.eclipse.wst.web",1289883500977
started,bundle,org.eclipse.wst.ws.service.policy.ui,1.0.102.v200903070248,"org.eclipse.wst.ws.service.policy.ui",1289883500977
started,bundle,org.eclipse.cdt.core,5.1.2.201002161416,"org.eclipse.cdt.core",1289883500978
started,bundle,org.eclipse.cdt.core.tests,5.1.2.201002161416,"org.eclipse.cdt.core.tests",1289883500979
started,bundle,org.eclipse.cdt.make.ui,6.0.1.201002161416,"org.eclipse.cdt.make.ui",1289883500979
started,bundle,org.eclipse.cdt.ui,5.1.2.201002161416,"org.eclipse.cdt.ui",1289883500981
started,bundle,org.eclipse.cdt.ui.tests,5.1.0.201002161416,"org.eclipse.cdt.ui.tests",1289883500981
started,bundle,org.eclipse.dltk.core,1.0.2.v20100209-1928,"org.eclipse.dltk.core",1289883500981
started,bundle,org.eclipse.dltk.launching,1.0.1.v20090910-1601,"org.eclipse.dltk.launching",1289883500982
started,bundle,org.eclipse.dltk.ui,1.0.2.v20100209-1928,"org.eclipse.dltk.ui",1289883500983
started,bundle,org.eclipse.mylyn.bugzilla.core,3.3.2.v20100222-0100-e3x,"org.eclipse.mylyn.bugzilla.core",1289883500984
started,bundle,org.eclipse.mylyn.bugzilla.ui,3.3.2.v20100222-0100-e3x,"org.eclipse.mylyn.bugzilla.ui",1289883500984
started,bundle,org.eclipse.mylyn.commons.net,3.3.0.v20091013-0200-e3x,"org.eclipse.mylyn.commons.net",1289883500984
started,bundle,org.eclipse.mylyn.commons.ui,3.3.2.v20100222-0100-e3x,"org.eclipse.mylyn.commons.ui",1289883500985
started,bundle,org.eclipse.mylyn.context.core,3.3.2.v20100222-0100-e3x,"org.eclipse.mylyn.context.core",1289883500985
started,bundle,org.eclipse.mylyn.context.ui,3.3.2.v20100222-0100-e3x,"org.eclipse.mylyn.context.ui",1289883500986
started,bundle,org.eclipse.mylyn.monitor.ui,3.3.2.v20100222-0100-e3x,"org.eclipse.mylyn.monitor.ui",1289883500986
started,bundle,org.eclipse.mylyn.tasks.ui,3.3.2.v20100222-0100-e3x,"org.eclipse.mylyn.tasks.ui",1289883500987
started,bundle,org.eclipse.mylyn.team.ui,3.3.2.v20100222-0100-e3x,"org.eclipse.mylyn.team.ui",1289883500987
started,bundle,org.eclipse.php.core,2.1.1.v20090921-1100,"org.eclipse.php.core",1289883500988
started,bundle,org.eclipse.php.debug.core,2.1.1.v20090921-1100,"org.eclipse.php.debug.core",1289883500988
started,bundle,org.eclipse.php.debug.daemon,2.1.1.v20090707-1108,"org.eclipse.php.debug.daemon",1289883500988
started,bundle,org.eclipse.php.debug.ui,2.1.1.v20090921-1100,"org.eclipse.php.debug.ui",1289883500989
started,bundle,org.eclipse.php.server.core,2.1.1.v20090707-1108,"org.eclipse.php.server.core",1289883500989
started,bundle,org.eclipse.php.ui,2.1.1.v20090921-1100,"org.eclipse.php.ui",1289883500991
started,bundle,org.eclipse.team.svn.core,0.7.8.I20091023-1300,"org.eclipse.team.svn.core",1289883500991
started,bundle,org.eclipse.team.svn.mylyn,0.7.8.I20091023-1300,"org.eclipse.team.svn.mylyn",1289883500992
started,bundle,org.eclipse.team.svn.ui,0.7.8.I20091023-1300,"org.eclipse.team.svn.ui",1289883500993
started,bundle,org.polarion.eclipse.team.svn.connector.svnkit16,2.2.1.I20091009-1900,"org.polarion.eclipse.team.svn.connector.svnkit16",1289883500993
os,sysinfo,,,"linux",1289883500997
arch,sysinfo,,,"x86_64",1289883500997
ws,sysinfo,,,"gtk",1289883500997
locale,sysinfo,,,"en_US",1289883500997
processors,sysinfo,,,"8",1289883500998
java.runtime.name,sysinfo,,,"OpenJDK Runtime Environment",1289883500998
java.runtime.version,sysinfo,,,"1.6.0_18-b18",1289883500998
java.specification.name,sysinfo,,,"Java Platform API Specification",1289883500998
java.specification.vendor,sysinfo,,,"Sun Microsystems Inc.",1289883500998
java.specification.version,sysinfo,,,"1.6",1289883500998
java.vendor,sysinfo,,,"Sun Microsystems Inc.",1289883500998
java.version,sysinfo,,,"1.6.0_18",1289883500998
java.vm.info,sysinfo,,,"mixed mode",1289883500998
java.vm.name,sysinfo,,,"OpenJDK 64-Bit Server VM",1289883500998
java.vm.specification.name,sysinfo,,,"Java Virtual Machine Specification",1289883500998
java.vm.specification.vendor,sysinfo,,,"Sun Microsystems Inc.",1289883500998
java.vm.specification.version,sysinfo,,,"1.0",1289883500998
java.vm.vendor,sysinfo,,,"Sun Microsystems Inc.",1289883500998
java.vm.version,sysinfo,,,"14.0-b16",1289883500998
activated,view,org.eclipse.ui.navigator.resources,3.4.1.M20090826-0800,"org.eclipse.ui.navigator.ProjectExplorer",1289883506705
activated,view,org.eclipse.ui.navigator.resources,3.4.1.M20090826-0800,"org.eclipse.ui.navigator.ProjectExplorer",1289883506717
closed,view,org.eclipse.ui,3.5.2.M20100120-0800,"org.eclipse.ui.internal.introview",1289883506729
deactivated,workbench,org.eclipse.ui.workbench,3.5.2.M20100113-0800,"",1289883518064
started,bundle,org.eclipse.jdt.launching,3.5.1.v20100108_r352,"org.eclipse.jdt.launching",1289883526304
started,bundle,org.eclipse.ltk.ui.refactoring,3.4.101.r352_v20100209,"org.eclipse.ltk.ui.refactoring",1289883526843
started,bundle,org.eclipse.compare.core,3.5.0.I20090430-0408,"org.eclipse.compare.core",1289883526943
opened,editor,org.eclipse.jdt.ui,3.5.2.r352_v20100106-0800,"org.eclipse.jdt.ui.CompilationUnitEditor",1289883526998
started,bundle,org.eclipse.jdt.debug,3.5.0.v20090526,"org.eclipse.jdt.debug",1289883527270
started,bundle,org.eclipse.jdt.debug.ui,3.4.1.v20090811_r351,"org.eclipse.jdt.debug.ui",1289883527316
activated,editor,org.eclipse.jdt.ui,3.5.2.r352_v20100106-0800,"org.eclipse.jdt.ui.CompilationUnitEditor",1289883527344
executed,command,org.eclipse.ui.ide,3.5.2.M20100113-0800,"org.eclipse.ui.edit.text.openLocalFile",1289883527664
activated,workbench,org.eclipse.ui.workbench,3.5.2.M20100113-0800,"",1289883527674
started,bundle,org.eclipse.jdt.apt.core,3.3.202.R35x_v20091130-2300,"org.eclipse.jdt.apt.core",1289883528001
started,bundle,org.eclipse.jdt.apt.pluggable.core,1.0.201.R35x_v20090925-1100,"org.eclipse.jdt.apt.pluggable.core",1289883528011
started,bundle,org.eclipse.wst.server.core,1.1.102.v20100123,"org.eclipse.wst.server.core",1289883560354
started,bundle,org.eclipse.wst.server.ui,1.1.103.v20100123,"org.eclipse.wst.server.ui",1289883560367
started,bundle,org.eclipse.ant.ui,3.4.2.v20091204_r352,"org.eclipse.ant.ui",1289883560384
started,bundle,org.eclipse.cdt.debug.core,6.0.0.201002161416,"org.eclipse.cdt.debug.core",1289883560431
started,bundle,org.eclipse.cdt.debug.ui,6.0.0.201002161416,"org.eclipse.cdt.debug.ui",1289883560437
started,bundle,org.eclipse.compare,3.5.2.r35x_20100113-0800,"org.eclipse.compare",1289883603438
executed,command,org.eclipse.jdt.ui,3.5.2.r352_v20100106-0800,"org.eclipse.jdt.ui.edit.text.java.show.outline",1289883853975
deactivated,workbench,org.eclipse.ui.workbench,3.5.2.M20100113-0800,"",1289883854105
activated,workbench,org.eclipse.ui.workbench,3.5.2.M20100113-0800,"",1289883857905
opened,view,org.eclipse.ui.views,3.4.1.M20090826-0800,"org.eclipse.ui.views.PropertySheet",1289883860378
activated,view,org.eclipse.ui.views,3.4.1.M20090826-0800,"org.eclipse.ui.views.PropertySheet",1289883860408
opened,view,org.eclipse.wst.server.ui,1.1.103.v20100123,"org.eclipse.wst.server.ui.ServersView",1289883861429
activated,view,org.eclipse.wst.server.ui,1.1.103.v20100123,"org.eclipse.wst.server.ui.ServersView",1289883861449
started,bundle,org.eclipse.ui.views.properties.tabbed,3.5.0.I20090429-1800,"org.eclipse.ui.views.properties.tabbed",1289883861471
started,bundle,org.eclipse.datatools.connectivity,1.1.3.v201001230803,"org.eclipse.datatools.connectivity",1289883862303
started,bundle,org.eclipse.datatools.connectivity.ui,1.1.5.v201001190218,"org.eclipse.datatools.connectivity.ui",1289883862304
started,bundle,org.eclipse.datatools.connectivity.ui.dse,1.1.3.v201001270323,"org.eclipse.datatools.connectivity.ui.dse",1289883862307
started,bundle,org.eclipse.datatools.enablement.ingres.ui,1.0.0.v200906111150,"org.eclipse.datatools.enablement.ingres.ui",1289883862331
started,bundle,org.eclipse.datatools.connectivity.sqm.core,1.1.1.v201001180200,"org.eclipse.datatools.connectivity.sqm.core",1289883862414
started,bundle,org.eclipse.datatools.connectivity.sqm.core.ui,1.1.100.v200910270525,"org.eclipse.datatools.connectivity.sqm.core.ui",1289883862429
opened,view,org.eclipse.datatools.connectivity.ui.dse,1.1.3.v201001270323,"org.eclipse.datatools.connectivity.DataSourceExplorerNavigator",1289883862510
activated,view,org.eclipse.datatools.connectivity.ui.dse,1.1.3.v201001270323,"org.eclipse.datatools.connectivity.DataSourceExplorerNavigator",1289883862530
started,bundle,org.eclipse.wst.common.snippets,1.1.301.v201001280015,"org.eclipse.wst.common.snippets",1289883863874
started,bundle,org.eclipse.gef,3.5.1.v20090910-2020,"org.eclipse.gef",1289883863934
started,bundle,org.eclipse.draw2d,3.5.2.v20091126-1908,"org.eclipse.draw2d",1289883863959
opened,view,org.eclipse.wst.common.snippets,1.1.301.v201001280015,"org.eclipse.wst.common.snippets.internal.ui.SnippetsView",1289883864248
activated,view,org.eclipse.wst.common.snippets,1.1.301.v201001280015,"org.eclipse.wst.common.snippets.internal.ui.SnippetsView",1289883864416
activated,view,org.eclipse.ui.ide,3.5.2.M20100113-0800,"org.eclipse.ui.views.AllMarkersView",1289883865703
activated,editor,org.eclipse.jdt.ui,3.5.2.r352_v20100106-0800,"org.eclipse.jdt.ui.CompilationUnitEditor",1289883877423
deactivated,workbench,org.eclipse.ui.workbench,3.5.2.M20100113-0800,"",1289883884894
executed,command,org.eclipse.ant.ui,3.4.2.v20091204_r352,"org.eclipse.ant.ui.antShortcut.run",1289883888300
activated,workbench,org.eclipse.ui.workbench,3.5.2.M20100113-0800,"",1289883888336
started,bundle,org.eclipse.search,3.5.1.r351_v20090708-0800,"org.eclipse.search",1289883892809
opened,view,org.eclipse.mylyn.tasks.ui,3.3.2.v20100222-0100-e3x,"org.eclipse.mylyn.tasks.ui.views.tasks",1289883892977
activated,view,org.eclipse.mylyn.tasks.ui,3.3.2.v20100222-0100-e3x,"org.eclipse.mylyn.tasks.ui.views.tasks",1289883893095
activated,view,org.eclipse.ui.views,3.4.1.M20090826-0800,"org.eclipse.ui.views.ContentOutline",1289883901317
started,bundle,org.eclipse.wst.xsl.debug.ui,1.0.0.v200904240436,"org.eclipse.wst.xsl.debug.ui",1289884141202
deactivated,workbench,org.eclipse.ui.workbench,3.5.2.M20100113-0800,"",1289884155570
executed,command,org.eclipse.jdt.ui,3.5.2.r352_v20100106-0800,"org.eclipse.jdt.ui.refactor.migrate.jar",1289884158958
activated,workbench,org.eclipse.ui.workbench,3.5.2.M20100113-0800,"",1289884158994
activated,editor,org.eclipse.jdt.ui,3.5.2.r352_v20100106-0800,"org.eclipse.jdt.ui.CompilationUnitEditor",1289884179699
deactivated,workbench,org.eclipse.ui.workbench,3.5.2.M20100113-0800,"",1289884183403
activated,workbench,org.eclipse.ui.workbench,3.5.2.M20100113-0800,"",1289884184883
deactivated,workbench,org.eclipse.ui.workbench,3.5.2.M20100113-0800,"",1289884205083
activated,workbench,org.eclipse.ui.workbench,3.5.2.M20100113-0800,"",1289884208128
deactivated,workbench,org.eclipse.ui.workbench,3.5.2.M20100113-0800,"",1289884208163
executed,command,org.eclipse.debug.ui,3.5.2.v20091028_r352,"org.eclipse.debug.ui.commands.RunLast",1289884209456
activated,workbench,org.eclipse.ui.workbench,3.5.2.M20100113-0800,"",1289884209541
deactivated,workbench,org.eclipse.ui.workbench,3.5.2.M20100113-0800,"",1289884223921
activated,workbench,org.eclipse.ui.workbench,3.5.2.M20100113-0800,"",1289884228252
deactivated,workbench,org.eclipse.ui.workbench,3.5.2.M20100113-0800,"",1289884231093
executed,command,org.eclipse.ui,3.5.2.M20100120-0800,"org.eclipse.ui.newWizard",1289884266627
activated,workbench,org.eclipse.ui.workbench,3.5.2.M20100113-0800,"",1289884266664
deactivated,workbench,org.eclipse.ui.workbench,3.5.2.M20100113-0800,"",1289884270421
executed,command,org.eclipse.ui,3.5.2.M20100120-0800,"org.eclipse.ui.file.saveAs",1289884274860
activated,workbench,org.eclipse.ui.workbench,3.5.2.M20100113-0800,"",1289884274862
deactivated,workbench,org.eclipse.ui.workbench,3.5.2.M20100113-0800,"",1289884289579
executed,command,org.eclipse.mylyn.tasks.ui,3.3.2.v20100222-0100-e3x,"org.eclipse.mylyn.tasks.ui.command.activateTask",1289884291908
activated,workbench,org.eclipse.ui.workbench,3.5.2.M20100113-0800,"",1289884291955
deactivated,workbench,org.eclipse.ui.workbench,3.5.2.M20100113-0800,"",1289884305268
activated,workbench,org.eclipse.ui.workbench,3.5.2.M20100113-0800,"",1289884316321
started,bundle,org.eclipse.ui.views.log,1.0.100.v20090731,"org.eclipse.ui.views.log",1289884321116
started,bundle,org.eclipse.pde.ui,3.5.1.v201001121200,"org.eclipse.pde.ui",1289884321119
opened,view,org.eclipse.jdt.ui,3.5.2.r352_v20100106-0800,"org.eclipse.jdt.ui.PackageExplorer",1289884321162
opened,view,org.eclipse.ui.ide,3.5.2.M20100113-0800,"org.eclipse.ui.views.ProblemView",1289884321252
activated,perspective,org.eclipse.jdt.ui,3.5.2.r352_v20100106-0800,"org.eclipse.jdt.ui.JavaPerspective",1289884321373
executed,command,org.eclipse.ui,3.5.2.M20100120-0800,"org.eclipse.ui.perspectives.showPerspective",1289884321535
executed,command,org.eclipse.jdt.ui,3.5.2.r352_v20100106-0800,"org.eclipse.jdt.ui.JavaPerspective",1289884321535
activated,view,org.eclipse.jdt.ui,3.5.2.r352_v20100106-0800,"org.eclipse.jdt.ui.PackageExplorer",1289884328482
opened,view,org.eclipse.jdt.ui,3.5.2.r352_v20100106-0800,"org.eclipse.jdt.ui.TypeHierarchy",1289884331008
activated,view,org.eclipse.jdt.ui,3.5.2.r352_v20100106-0800,"org.eclipse.jdt.ui.TypeHierarchy",1289884331065
activated,view,org.eclipse.jdt.ui,3.5.2.r352_v20100106-0800,"org.eclipse.jdt.ui.PackageExplorer",1289884333360
deactivated,workbench,org.eclipse.ui.workbench,3.5.2.M20100113-0800,"",1289884334807
closed,workbench,org.eclipse.ui.workbench,3.5.2.M20100113-0800,"",1289884336894
stopped,bundle,org.eclipse.jst.ws.axis.creation.ui,1.0.406.v200903031852,"org.eclipse.jst.ws.axis.creation.ui",1289884337786
stopped,bundle,org.eclipse.jst.ws.axis.consumption.ui,1.0.405.v200901261650,"org.eclipse.jst.ws.axis.consumption.ui",1289884337787
stopped,bundle,org.eclipse.jst.ws.axis.consumption.core,1.0.306.v200810082309,"org.eclipse.jst.ws.axis.consumption.core",1289884337788
stopped,bundle,org.eclipse.jst.ws.axis2.creation.ui,1.0.103.v200807162242,"org.eclipse.jst.ws.axis2.creation.ui",1289884337788
stopped,bundle,org.eclipse.jst.ws.axis2.consumption.ui,1.0.102.v200807232000,"org.eclipse.jst.ws.axis2.consumption.ui",1289884337789
stopped,bundle,org.eclipse.jst.ws.axis2.creation.core,1.0.105.v200901220134,"org.eclipse.jst.ws.axis2.creation.core",1289884337789
stopped,bundle,org.eclipse.jst.ws.axis2.consumption.core,1.0.104.v200810151442,"org.eclipse.jst.ws.axis2.consumption.core",1289884337790
stopped,bundle,org.eclipse.jst.ws.axis2.ui,1.0.302.v200905260749,"org.eclipse.jst.ws.axis2.ui",1289884337790
stopped,bundle,org.eclipse.jst.ws.axis2.core,1.0.104.v200810151442,"org.eclipse.jst.ws.axis2.core",1289884337791
stopped,bundle,org.eclipse.jst.ws.creation.ui,1.0.409.v200911241856,"org.eclipse.jst.ws.creation.ui",1289884337791
stopped,bundle,org.eclipse.jst.ws.consumption.ui,1.1.106.v200911241851,"org.eclipse.jst.ws.consumption.ui",1289884337792
stopped,bundle,org.eclipse.jst.ws.consumption,1.0.408.v200911241817,"org.eclipse.jst.ws.consumption",1289884337793
stopped,bundle,org.eclipse.jst.ws.uddiregistry,1.0.400.v200901261650,"org.eclipse.jst.ws.uddiregistry",1289884337793
stopped,bundle,org.eclipse.jst.ws.ui,1.0.402.v200903111822,"org.eclipse.jst.ws.ui",1289884337794
stopped,bundle,org.eclipse.jst.ws,1.0.407.v200905191120,"org.eclipse.jst.ws",1289884337795
stopped,bundle,org.eclipse.wst.ws.explorer,1.0.408.v200911241806,"org.eclipse.wst.ws.explorer",1289884337795
stopped,bundle,org.eclipse.wst.wsdl.ui,1.2.202.v200904271449,"org.eclipse.wst.wsdl.ui",1289884337796
stopped,bundle,org.eclipse.wst.ws.ui,1.1.100.v200903112221,"org.eclipse.wst.ws.ui",1289884337797
stopped,bundle,org.eclipse.wst.wsi.ui,1.0.500.v200901141851,"org.eclipse.wst.wsi.ui",1289884337798
stopped,bundle,org.eclipse.wst.wsi,1.0.305.v200902181431,"org.eclipse.wst.wsi",1289884337798
stopped,bundle,org.eclipse.wst.ws,1.1.103.v200903111822,"org.eclipse.wst.ws",1289884337799
stopped,bundle,org.eclipse.jst.j2ee.webservice.ui,1.1.300.v200902052230,"org.eclipse.jst.j2ee.webservice.ui",1289884337799
stopped,bundle,org.eclipse.jst.j2ee.webservice,1.1.300.v200901220600,"org.eclipse.jst.j2ee.webservice",1289884337799
stopped,bundle,org.eclipse.wst.ws.parser,1.0.402.v200901220107,"org.eclipse.wst.ws.parser",1289884337801
stopped,bundle,commonj.sdo,2.1.1.v200905221342,"commonj.sdo",1289884337802
stopped,bundle,org.eclipse.datatools.enablement.oda.ws.ui,1.2.2.v201001260400,"org.eclipse.datatools.enablement.oda.ws.ui",1289884337802
stopped,bundle,org.eclipse.datatools.enablement.oda.ws,1.2.2.v201001131420,"org.eclipse.datatools.enablement.oda.ws",1289884337803
stopped,bundle,org.eclipse.wst.wsdl,1.2.2.v200911111930,"org.eclipse.wst.wsdl",1289884337803
stopped,bundle,org.eclipse.wst.wsdl.validation,1.1.402.v200911251542,"org.eclipse.wst.wsdl.validation",1289884337804
stopped,bundle,org.eclipse.wst.xsl.jaxp.debug.ui,1.0.0.v200904240436,"org.eclipse.wst.xsl.jaxp.debug.ui",1289884337805
stopped,bundle,org.eclipse.wst.xsl.ui,1.0.100.v200907172129,"org.eclipse.wst.xsl.ui",1289884337805
activated,perspective,org.eclipse.jdt.ui,,"org.eclipse.jdt.ui.JavaPerspective",1300993171612
started,bundle,org.eclipse.osgi,3.5.2.R35x_v20100126,"org.eclipse.osgi",1300993171614
started,bundle,org.eclipse.equinox.simpleconfigurator,1.0.101.R35x_v20090807-1100,"org.eclipse.equinox.simpleconfigurator",1300993171617
started,bundle,com.ibm.icu,4.0.1.v20090822,"com.ibm.icu",1300993171646
started,bundle,org.eclipse.compare.core,3.5.0.I20090430-0408,"org.eclipse.compare.core",1300993171647
started,bundle,org.eclipse.core.contenttype,3.4.1.R35x_v20090826-0451,"org.eclipse.core.contenttype",1300993171648
started,bundle,org.eclipse.core.databinding.observable,1.2.0.M20090902-0800,"org.eclipse.core.databinding.observable",1300993171674
started,bundle,org.eclipse.core.expressions,3.4.101.R35x_v20100209,"org.eclipse.core.expressions",1300993171684
started,bundle,org.eclipse.core.filebuffers,3.5.0.v20090526-2000,"org.eclipse.core.filebuffers",1300993171700
started,bundle,org.eclipse.core.filesystem,1.2.1.R35x_v20091203-1235,"org.eclipse.core.filesystem",1300993171710
started,bundle,org.eclipse.core.jobs,3.4.100.v20090429-1800,"org.eclipse.core.jobs",1300993171727
started,bundle,org.eclipse.core.net,1.2.1.r35x_20090812-1200,"org.eclipse.core.net",1300993171728
started,bundle,org.eclipse.core.resources,3.5.2.R35x_v20091203-1235,"org.eclipse.core.resources",1300993171739
started,bundle,org.eclipse.core.runtime,3.5.0.v20090525,"org.eclipse.core.runtime",1300993171740
started,bundle,org.eclipse.core.runtime.compatibility,3.2.0.v20090413,"org.eclipse.core.runtime.compatibility",1300993171744
started,bundle,org.eclipse.core.runtime.compatibility.auth,3.2.100.v20090413,"org.eclipse.core.runtime.compatibility.auth",1300993171745
started,bundle,org.eclipse.debug.core,3.5.1.v20091103_r352,"org.eclipse.debug.core",1300993171768
started,bundle,org.eclipse.ecf,3.0.0.v20090831-1906,"org.eclipse.ecf",1300993171775
started,bundle,org.eclipse.ecf.filetransfer,3.0.0.v20090831-1906,"org.eclipse.ecf.filetransfer",1300993171775
started,bundle,org.eclipse.ecf.identity,3.0.0.v20090831-1906,"org.eclipse.ecf.identity",1300993171776
started,bundle,org.eclipse.ecf.provider.filetransfer,3.0.1.v20090831-1906,"org.eclipse.ecf.provider.filetransfer",1300993171777
started,bundle,org.eclipse.ecf.provider.filetransfer.httpclient,3.0.1.v20090831-1906,"org.eclipse.ecf.provider.filetransfer.httpclient",1300993171778
started,bundle,org.eclipse.emf.common,2.5.0.v200906151043,"org.eclipse.emf.common",1300993171778
started,bundle,org.eclipse.emf.ecore,2.5.0.v200906151043,"org.eclipse.emf.ecore",1300993171778
started,bundle,org.eclipse.epp.usagedata.gathering,1.1.1.R201001291118,"org.eclipse.epp.usagedata.gathering",1300993171778
started,bundle,org.eclipse.epp.usagedata.recording,1.1.1.R201001291118,"org.eclipse.epp.usagedata.recording",1300993171779
started,bundle,org.eclipse.equinox.app,1.2.1.R35x_v20091203,"org.eclipse.equinox.app",1300993171788
started,bundle,org.eclipse.equinox.common,3.5.1.R35x_v20090807-1100,"org.eclipse.equinox.common",1300993171789
started,bundle,org.eclipse.equinox.ds,1.1.1.R35x_v20090806,"org.eclipse.equinox.ds",1300993171790
started,bundle,org.eclipse.equinox.frameworkadmin,1.0.100.v20090520-1905,"org.eclipse.equinox.frameworkadmin",1300993171793
started,bundle,org.eclipse.equinox.frameworkadmin.equinox,1.0.101.R35x_v20091214,"org.eclipse.equinox.frameworkadmin.equinox",1300993171793
started,bundle,org.eclipse.equinox.p2.core,1.0.101.R35x_v20090819,"org.eclipse.equinox.p2.core",1300993171801
started,bundle,org.eclipse.equinox.p2.director,1.0.101.R35x_v20100112,"org.eclipse.equinox.p2.director",1300993171803
started,bundle,org.eclipse.equinox.p2.directorywatcher,1.0.100.v20090525,"org.eclipse.equinox.p2.directorywatcher",1300993171804
started,bundle,org.eclipse.equinox.p2.engine,1.0.102.R35x_v20091117,"org.eclipse.equinox.p2.engine",1300993171806
started,bundle,org.eclipse.equinox.p2.exemplarysetup,1.0.100.v20090520-1905,"org.eclipse.equinox.p2.exemplarysetup",1300993171816
started,bundle,org.eclipse.equinox.p2.garbagecollector,1.0.100.v20090520-1905,"org.eclipse.equinox.p2.garbagecollector",1300993171817
started,bundle,org.eclipse.equinox.p2.metadata.repository,1.0.101.R35x_v20090812,"org.eclipse.equinox.p2.metadata.repository",1300993171828
started,bundle,org.eclipse.equinox.p2.reconciler.dropins,1.0.100.v20090520-1905,"org.eclipse.equinox.p2.reconciler.dropins",1300993171835
started,bundle,org.eclipse.equinox.p2.repository,1.0.1.R35x_v20100105,"org.eclipse.equinox.p2.repository",1300993171846
started,bundle,org.eclipse.equinox.p2.ui.sdk.scheduler,1.0.0.v20090520-1905,"org.eclipse.equinox.p2.ui.sdk.scheduler",1300993171846
started,bundle,org.eclipse.equinox.p2.updatechecker,1.1.0.v20090520-1905,"org.eclipse.equinox.p2.updatechecker",1300993171847
started,bundle,org.eclipse.equinox.preferences,3.2.301.R35x_v20091117,"org.eclipse.equinox.preferences",1300993171860
started,bundle,org.eclipse.equinox.registry,3.4.100.v20090520-1800,"org.eclipse.equinox.registry",1300993171862
started,bundle,org.eclipse.equinox.security,1.0.100.v20090520-1800,"org.eclipse.equinox.security",1300993171866
started,bundle,org.eclipse.equinox.simpleconfigurator.manipulator,1.0.101.R35x_v20100209,"org.eclipse.equinox.simpleconfigurator.manipulator",1300993171867
started,bundle,org.eclipse.equinox.util,1.0.100.v20090520-1800,"org.eclipse.equinox.util",1300993171868
started,bundle,org.eclipse.help,3.4.1.v20090805_35x,"org.eclipse.help",1300993171881
started,bundle,org.eclipse.jdt.apt.core,3.3.202.R35x_v20091130-2300,"org.eclipse.jdt.apt.core",1300993171891
started,bundle,org.eclipse.jdt.apt.pluggable.core,1.0.201.R35x_v20090925-1100,"org.eclipse.jdt.apt.pluggable.core",1300993171892
